alpha,fixed_point_reward,fixed_point_gap,approval_probability,prob_any_approval,false_approval_probability,true_approval_probability,entry_rate,null_entry_rate,mean_sample_size,participation_threshold,expected_false_approvals,expected_true_approvals,expected_false_negatives,mfdr,pfdr,fdr,sensitivity,specificity,baseline_best_n,baseline_utility,baseline_active,cost_floor,mfdr_bound_action_specific,mfdr_bound_null_entry,mfdr_bound_effective,mfdr_bound_monopoly,pfdr_bound_action_specific,pfdr_bound_null_entry,pfdr_bound_effective,pfdr_bound_monopoly,fdr_bound_action_specific,fdr_bound_null_entry,fdr_bound_effective,fdr_bound_monopoly
0.01,29.99999910593033,8.940696716308594e-07,0.2525788975002776,0.2525788975002776,0.0,0.2525788975002776,0.4313120649199797,0.0,24.471038567634334,0.5764119601328904,0.0,0.2525788975002776,0.3663755143122853,0.0,0.0,0.0,0.4080735069980658,1.0,0,0.0,False,1.0,0.0,0.0,0.2999999910593033,0.3,0.0,0.0,0.2999999910593033,0.3,0.0,0.0,0.07577366699185198,0.07577366925008329
0.02,29.99999910593033,8.940696716308594e-07,0.2894699423849865,0.28946994238498647,0.0,0.2894699423849865,0.5175973004723822,0.0,26.89181049745675,0.5431893687707642,0.0,0.2894699423849865,0.3294844694275764,0.0,0.0,0.0,0.4676757073873904,1.0,0,0.0,False,1.0,0.0,0.0,0.5999999821186066,0.6,0.0,0.0,0.5999999821186066,0.6,0.0,0.0,0.17368196025486596,0.17368196543099187
0.03,29.99999910593033,8.940696716308594e-07,0.31358150159407894,0.31358150159407894,0.0,0.31358150159407894,0.568893755660988,0.0,28.097636626274994,0.5232558139534884,0.0,0.31358150159407894,0.305372910218484,0.0,0.0,0.0,0.5066310145132956,1.0,0,0.0,False,1.0,0.0,0.0,0.8999999731779098,0.8999999999999999,0.0,0.0,0.8999999731779098,0.8999999999999999,0.0,0.0,0.28222334302375973,0.28222335143467103
0.04,29.99999910593033,8.940696716308594e-07,0.32959233241512365,0.32959233241512365,0.0,0.32959233241512365,0.6107256683321244,0.0,28.56667466832091,0.5066445182724253,0.0,0.32959233241512365,0.2893620793974393,0.0,0.0,0.0,0.5324985590617837,1.0,0,0.0,False,1.0,0.0,0.0,1.0,1.0,0.0,0.0,1.0,1.0,0.0,0.0,0.32959233241512365,0.32959233241512365
0.05,29.99999910593033,8.940696716308594e-07,0.3525003740984876,0.35250037409848756,0.0013862320044001142,0.3511141420940875,0.6513120925069572,0.032357680694394333,30.10055390035173,0.4900332225913621,0.0013862320044001142,0.3511141420940875,0.26784026971847547,0.0039325688886015335,0.0039325688886015335,0.001386232004400114,0.5672697946620581,0.9963620310866368,13,0.23427730249532042,True,1.0,0.00423564602790389,0.004589737071506439,1.0,1.0,0.00423564602790389,0.004589737071506439,1.0,1.0,0.001493066809384894,0.0016178840347197165,0.35250037409848756,0.35250037409848756
0.060000000000000005,29.99999910593033,8.940696716308594e-07,0.3695671721078698,0.3695671721078698,0.0038423510147099957,0.36572482109315985,0.7053765612337894,0.0864221494212265,30.587788406207235,0.46677740863787376,0.0038423510147099957,0.36572482109315985,0.2532295907194031,0.01039689481290964,0.01039689481290964,0.0038423510147099957,0.5908752149001755,0.9899162957561395,10,0.6406249511055633,True,1.0,0.012788504102019715,0.014030815929073076,1.0,1.0,0.012788504102019715,0.014030815929073076,1.0,1.0,0.004726211296473319,0.0051853289652735906,0.3695671721078698,0.3695671721078698
0.06999999999999999,29.99999910593033,8.940696716308594e-07,0.37169660189236475,0.37169660189236475,0.0038423510147099957,0.36785425087765483,0.7053765612337894,0.0864221494212265,29.834582587625082,0.46677740863787376,0.0038423510147099957,0.36785425087765483,0.2511001609349081,0.010337331563291119,0.010337331563291119,0.0038423510147099953,0.59431558101415,0.9899162957561395,10,0.6406249511055633,True,1.0,0.012715239451777197,0.01627550649827483,1.0,1.0,0.012715239451777197,0.01627550649827483,1.0,1.0,0.004726211296473319,0.006049550459485855,0.37169660189236475,0.37169660189236475
0.08,29.99999910593033,8.940696716308594e-07,0.3934881751643123,0.3934881751643122,0.006278207889150763,0.3872099672751616,0.7345398439129325,0.1155854321003695,31.73403024984954,0.4534883720930233,0.006278207889150763,0.3872099672751616,0.23174444453740134,0.01595526444099398,0.01595526444099398,0.006278207889150762,0.6255872159328267,0.9835237355220013,12,1.0899413409846632,True,1.0,0.02144285730316188,0.02349965043846179,1.0,1.0,0.02144285730316188,0.02349965043846179,1.0,1.0,0.008437510790529913,0.00924683456802956,0.3934881751643122,0.3934881751643122
0.09,29.99999910593033,8.940696716308594e-07,0.39787781038369446,0.3978778103836944,0.008236902976333175,0.3896409074073613,0.7485945929946789,0.12964018118211595,30.199342309364376,0.446843853820598,0.008236902976333175,0.3896409074073613,0.22931350440520165,0.020702091851741863,0.020702091851741863,0.008236902976333175,0.6295147105686285,0.9783834185943089,14,1.4934813650405094,True,1.0,0.029253823951985468,0.029324621785614888,1.0,1.0,0.029253823951985468,0.029324621785614888,1.0,1.0,0.011639447419366051,0.011667616306390434,0.3978778103836944,0.3978778103836944
0.09999999999999999,29.99999910593033,8.940696716308594e-07,0.4106919116078139,0.4106919116078138,0.008236902976333175,0.40245500863148065,0.7485945929946789,0.12964018118211595,31.918572303491455,0.446843853820598,0.008236902976333175,0.40245500863148065,0.2164994031810823,0.02005616069741087,0.02005616069741087,0.008236902976333175,0.6502175296770573,0.9783834185943089,14,1.4934813650405094,True,1.0,0.028341068061941834,0.031566285460697,1.0,1.0,0.028341068061941834,0.031566285460697,1.0,1.0,0.011639447419366051,0.01296401811821159,0.4106919116078138,0.4106919116078138
0.11,29.99999910593033,8.940696716308594e-07,0.41337005457847836,0.4133700545784784,0.009843047562904102,0.40352700701557415,0.7554838305941165,0.13652941878155336,31.244007119794315,0.4435215946843854,0.009843047562904102,0.40352700701557415,0.2154274047969888,0.023811709275702742,0.023811709275702742,0.009843047562904104,0.6519494801464856,0.974168320358397,16,1.8517027869313025,True,1.0,0.0346985433293874,0.03633121436743952,1.0,1.0,0.0346985433293874,0.03633121436743952,1.0,1.0,0.014343338749862567,0.015018236065970872,0.4133700545784784,0.4133700545784784
0.12,29.99999910593033,8.940696716308594e-07,0.4312664123636175,0.4312664123636175,0.013920699481807422,0.4173457128818101,0.8130735542138896,0.19411914240132666,31.588581721765884,0.41362126245847175,0.013920699481807422,0.4173457128818101,0.20160869893075284,0.03227865440647935,0.03227865440647935,0.013920699481807422,0.6742753665163216,0.9634671023275048,11,2.348437398718673,True,1.0,0.050989500850832856,0.05401370572888219,1.0,1.0,0.050989500850832856,0.05401370572888219,1.0,1.0,0.021990059100150307,0.023294297088159197,0.4312664123636175,0.4312664123636175
0.13,29.99999910593033,8.940696716308594e-07,0.4370028846862603,0.43700288468626036,0.013920699481807422,0.423082185204453,0.8130735542138896,0.19411914240132666,32.36585971815012,0.41362126245847175,0.013920699481807422,0.423082185204453,0.19587222660810993,0.03185493727759161,0.03185493727759161,0.013920699481807422,0.6835433710949529,0.9634671023275048,11,2.348437398718673,True,1.0,0.05032016920423247,0.05774673210747776,1.0,1.0,0.05032016920423247,0.05774673210747776,1.0,1.0,0.02199005910015031,0.02523548851217247,0.43700288468626036,0.43700288468626036
0.14,29.99999910593033,8.940696716308594e-07,0.44026959485718725,0.4402695948571873,0.016103902467361784,0.42416569238982554,0.8130735542138896,0.19411914240132666,31.115439804034107,0.41362126245847175,0.016103902467361784,0.42416569238982554,0.1947887194227374,0.036577366812226716,0.036577366812226716,0.016103902467361784,0.6852939155045155,0.9577375963228835,13,2.852685427585682,True,1.0,0.05882743170228088,0.061727360357467315,1.0,1.0,0.05882743170228088,0.061727360357467315,1.0,1.0,0.02589992952205206,0.02717667993618574,0.4402695948571873,0.4402695948571873
0.15000000000000002,29.99999910593033,8.940696716308594e-07,0.45423583332655704,0.45423583332655704,0.016103902467361784,0.4381319308591953,0.8130735542138896,0.19411914240132666,32.88502452981072,0.41362126245847175,0.016103902467361784,0.4381319308591953,0.18082248095336767,0.03545273464981008,0.03545273464981008,0.016103902467361784,0.7078581596601885,0.9577375963228835,13,2.852685427585682,True,1.0,0.05701868417640271,0.06410298180783489,1.0,1.0,0.05701868417640271,0.06410298180783489,1.0,1.0,0.025899929522052056,0.029117871360199006,0.45423583332655704,0.45423583332655704
0.16,29.99999910593033,8.940696716308594e-07,0.45581106874202676,0.4558110687420267,0.01786885269959124,0.4379422160424355,0.8130735542138896,0.19411914240132666,32.17983870197754,0.41362126245847175,0.01786885269959124,0.4379422160424355,0.18101219577012745,0.039202322903010484,0.039202322903010484,0.01786885269959124,0.7075516511142615,0.9531057352360645,15,3.2763670526037423,True,1.0,0.06379285164026728,0.06814021184244347,1.0,1.0,0.06379285164026728,0.06814021184244347,1.0,1.0,0.029077487884251782,0.031059062784212263,0.4558110687420267,0.4558110687420267
0.17,29.99999910593033,8.940696716308594e-07,0.45864440901818543,0.4586444090181854,0.0192702083754317,0.43937420064275373,0.8130735542138896,0.19411914240132666,30.92762424426318,0.41362126245847175,0.0192702083754317,0.43937420064275373,0.1795802111698092,0.04201557458573016,0.04201557458573016,0.019270208375431697,0.709865205348611,0.9494280763960646,17,3.634588474494564,True,1.0,0.06861478389259139,0.07195172024198176,1.0,1.0,0.06861478389259139,0.07195172024198176,1.0,1.0,0.03146978700832808,0.033000254208225534,0.4586444090181854,0.4586444090181854
0.18000000000000002,29.99999910593033,8.940696716308594e-07,0.4787188603523208,0.4787188603523208,0.026039248938205542,0.4526796114141152,0.8856645417525207,0.2667101299399578,31.94710291821958,0.36710963455149503,0.026039248938205542,0.4526796114141152,0.16627480039844772,0.05439361407035758,0.05439361407035758,0.026039248938205542,0.7313617978559616,0.9316636913129754,10,4.156249846331772,True,1.0,0.09575725416310722,0.10028396072354509,1.0,1.0,0.09575725416310722,0.10028396072354509,1.0,1.0,0.04584080358343021,0.048007823389192406,0.4787188603523208,0.4787188603523208
0.19,29.99999910593033,8.940696716308594e-07,0.48250095184975955,0.4825009518497596,0.026039248938205542,0.456461702911554,0.8856645417525207,0.2667101299399578,32.21067803613347,0.36710963455149503,0.026039248938205542,0.456461702911554,0.16249270890100892,0.05396724884868954,0.05396724884868954,0.026039248938205545,0.7374722502984333,0.9316636913129754,10,4.156249846331772,True,1.0,0.09500665938106596,0.10502554346125118,1.0,1.0,0.09500665938106596,0.10502554346125118,1.0,1.0,0.04584080358343022,0.050674924688591985,0.4825009518497596,0.4825009518497596
0.2,29.99999910593033,8.940696716308594e-07,0.48538600439848445,0.48538600439848445,0.028445719065077178,0.4569402853334073,0.8856645417525207,0.2667101299399578,31.609124209104767,0.36710963455149503,0.028445719065077178,0.4569402853334073,0.16201412647915564,0.05860432482046653,0.05860432482046653,0.028445719065077178,0.7382454613988305,0.9253482524220051,12,4.715429514186686,True,1.0,0.10349588040303416,0.10989609404600731,1.0,1.0,0.10349588040303416,0.10989609404600731,1.0,1.0,0.05023545186053216,0.053342025987991565,0.48538600439848445,0.48538600439848445
0.21000000000000002,29.99999910593033,8.940696716308594e-07,0.49163449553604005,0.4916344955360401,0.028445719065077178,0.4631887764709628,0.8856645417525207,0.2667101299399578,31.245252944702912,0.36710963455149503,0.028445719065077178,0.4631887764709628,0.15576563534160015,0.057859485701999364,0.057859485701999364,0.02844571906507718,0.7483406978464668,0.9253482524220051,12,4.715429514186686,True,1.0,0.10218048635045295,0.11392432344748947,1.0,1.0,0.10218048635045295,0.11392432344748947,1.0,1.0,0.05023545186053217,0.05600912728739115,0.4916344955360401,0.4916344955360401
0.22,29.99999910593033,8.940696716308594e-07,0.5010523719096686,0.5010523719096686,0.030209036602176585,0.47084333530749184,0.8856645417525207,0.2667101299399578,32.65786927959227,0.36710963455149503,0.030209036602176585,0.47084333530749184,0.1481110765050711,0.06029117572488565,0.06029117572488565,0.030209036602176585,0.7607076164602518,0.9207206761115505,14,5.159252740167016,True,1.0,0.10639329822138693,0.11710597908788878,1.0,1.0,0.10639329822138693,0.11710597908788878,1.0,1.0,0.05330861442911865,0.05867622858679072,0.5010523719096686,0.5010523719096686
0.23,29.99999910593033,8.940696716308594e-07,0.5022510642469539,0.5022510642469539,0.031553329925829876,0.47069773432112383,0.8856645417525207,0.2667101299399578,31.85130131943568,0.36710963455149503,0.031553329925829876,0.47069773432112383,0.14825667749143912,0.06282381894628558,0.06282381894628558,0.031553329925829876,0.7604723794483018,0.9171927693063626,16,5.51747416205781,True,1.0,0.11070176422424145,0.12213678427573853,1.0,1.0,0.11070176422424145,0.12213678427573853,1.0,1.0,0.055600078895640635,0.0613433298861903,0.5022510642469539,0.5022510642469539
0.24000000000000002,29.99999910593033,8.940696716308594e-07,0.5037243363128115,0.5037243363128115,0.031553329925829876,0.4721710063869812,0.8856645417525207,0.2667101299399578,30.9158386949049,0.36710963455149503,0.031553329925829876,0.4721710063869812,0.14678340542558177,0.06264007444388262,0.06264007444388262,0.031553329925829876,0.7628526388627924,0.9171927693063626,16,5.51747416205781,True,1.0,0.11037798829142359,0.1270743273079416,1.0,1.0,0.11037798829142359,0.1270743273079416,1.0,1.0,0.055600078895640635,0.06401043118558987,0.5037243363128115,0.5037243363128115
0.25,29.99999910593033,8.940696716308594e-07,0.5108191180432338,0.5108191180432338,0.03259043266921756,0.47822868537401564,0.8856645417525207,0.2667101299399578,31.34135311444651,0.36710963455149503,0.03259043266921756,0.47822868537401564,0.1407257264385473,0.06380033855048321,0.06380033855048321,0.03259043266921756,0.7726395938814908,0.9144710405276069,18,5.8102353808213465,True,1.0,0.1121675588111024,0.13053061275468184,1.0,1.0,0.1121675588111024,0.13053061275468184,1.0,1.0,0.05729733346494988,0.06667753248498945,0.5108191180432338,0.5108191180432338
0.26,29.99999910593033,8.940696716308594e-07,0.5212973392400163,0.5212973392400163,0.03339066182655042,0.4879066774134655,0.8856645417525207,0.2667101299399578,33.53321357494495,0.36710963455149503,0.03339066182655042,0.4879066774134655,0.13104773439909745,0.06405300643818682,0.06405300643818682,0.03339066182655042,0.788275627577589,0.9123709528159516,20,6.051669849405598,True,1.0,0.11228009942874412,0.13302318766001084,1.0,1.0,0.11228009942874412,0.13302318766001084,1.0,1.0,0.05853131708180878,0.06934463378438901,0.5212973392400163,0.5212973392400163
0.27,29.99999910593033,8.940696716308594e-07,0.5220147707476243,0.5220147707476243,0.034024376575346287,0.4879903941722775,0.8856645417525207,0.2667101299399578,33.13789142020938,0.36710963455149503,0.034024376575346287,0.4879903941722775,0.13096401764028542,0.06517895370396688,0.06517895370396688,0.034024376575346287,0.7884108827065844,0.9107078585079704,22,6.252005724549123,True,1.0,0.11392544640421871,0.13794961200169514,1.0,1.0,0.11392544640421871,0.13794961200169514,1.0,1.0,0.059470765787018987,0.07201173508378861,0.5220147707476243,0.5220147707476243
0.28,29.99999910593033,8.940696716308594e-07,0.5338007965845827,0.5338007965845827,0.046108301123643024,0.4876924954609394,0.927887646479627,0.308933234667064,30.598789797673703,0.33056478405315615,0.046108301123643024,0.4876924954609394,0.13126191635162354,0.08637735540796818,0.08637735540796818,0.046108301123643024,0.7879295892451391,0.8789953156445884,11,7.182421629654724,True,1.0,0.1588150945234155,0.16204791424111611,1.0,1.0,0.1588150945234155,0.16204791424111611,1.0,1.0,0.08477562396625499,0.08650130570677793,0.5338007965845827,0.5338007965845827
0.29000000000000004,29.99999910593033,8.940696716308594e-07,0.5357380000865225,0.5357380000865225,0.046108301123643024,0.489629698962879,0.927887646479627,0.308933234667064,29.385872221959836,0.33056478405315615,0.046108301123643024,0.489629698962879,0.12932471284968394,0.08606501893872838,0.08606501893872838,0.046108301123643024,0.7910593892190445,0.8789953156445884,11,7.182421629654724,True,1.0,0.15824082658419525,0.167228455026486,1.0,1.0,0.15824082658419525,0.167228455026486,1.0,1.0,0.08477562396625499,0.08959063805344858,0.5357380000865225,0.5357380000865225
0.3,29.99999910593033,8.940696716308594e-07,0.5458528480692078,0.5458528480692078,0.04744183392991318,0.4984110141392939,0.927887646479627,0.308933234667064,31.285454944222888,0.33056478405315615,0.04744183392991318,0.4984110141392939,0.12054339767326905,0.08691322963271982,0.08691322963271982,0.04744183392991318,0.8052467267819184,0.8754956482882137,13,7.565820052748286,True,1.0,0.15933884232285536,0.16978929527975728,1.0,1.0,0.15933884232285536,0.16978929527975728,1.0,1.0,0.08697556088998101,0.0926799704001192,0.5458528480692078,0.5458528480692078
0.31,29.99999910593033,8.940696716308594e-07,0.5491865565849732,0.5491865565849732,0.0483894465152458,0.5007971100697272,0.927887646479627,0.308933234667064,31.471284974058605,0.33056478405315615,0.0483894465152458,0.5007971100697272,0.11815730174283579,0.08811112714802719,0.08811112714802719,0.0483894465152458,0.8091017698753924,0.8730087737128113,15,7.858581271511877,True,1.0,0.1611270506293911,0.1743839167191484,1.0,1.0,0.1611270506293911,0.1743839167191484,1.0,1.0,0.08848881010784793,0.09576930274678985,0.5491865565849732,0.5491865565849732
0.32,29.99999910593033,8.940696716308594e-07,0.5498525362804234,0.5498525362804234,0.04907063511580442,0.5007819011646186,0.927887646479627,0.308933234667064,30.843774966164087,0.33056478405315615,0.04907063511580442,0.5007819011646186,0.11817251064794432,0.08924326410813993,0.08924326410813993,0.049070635115804416,0.8090771979443773,0.8712210910268657,17,8.08588228714819,True,1.0,0.16279383961081031,0.17979117776232795,1.0,1.0,0.16279383961081031,0.17979117776232795,1.0,1.0,0.0895126056008325,0.09885863509346048,0.5498525362804234,0.5498525362804234
0.33,29.99999910593033,8.940696716308594e-07,0.5509346661430035,0.5509346661430035,0.04957849222479242,0.5013561739182105,0.927887646479627,0.308933234667064,29.733407986656925,0.33056478405315615,0.04957849222479242,0.5013561739182105,0.11759823789435242,0.08998978512621598,0.08998978512621598,0.04957849222479242,0.8100050090119326,0.8698882922103153,19,8.264088150439004,True,1.0,0.1638025519669893,0.18504547581630848,1.0,1.0,0.1638025519669893,0.18504547581630848,1.0,1.0,0.09024450428130523,0.10194796744013113,0.5509346661430035,0.5509346661430035
0.34,29.99999910593033,8.940696716308594e-07,0.5574051651484859,0.5574051651484859,0.05024921705716646,0.5071559480913191,0.927887646479627,0.308933234667064,30.250952581974833,0.33056478405315615,0.05024921705716646,0.5071559480913191,0.1117984637212438,0.09014845968242989,0.09014845968242989,0.05024921705716646,0.8193752858246052,0.868128070197079,23,8.51459196315438,True,1.0,0.1635198164179281,0.18843976761288375,1.0,1.0,0.1635198164179281,0.18843976761288375,1.0,1.0,0.0911467902754853,0.10503729978680178,0.5574051651484859,0.5574051651484859
0.35000000000000003,29.99999910593033,8.940696716308594e-07,0.5664176031288655,0.5664176031288655,0.05048108330096744,0.5159365198278979,0.927887646479627,0.308933234667064,32.81214478703817,0.33056478405315615,0.05048108330096744,0.5159365198278979,0.10301789198466504,0.08912343652830032,0.08912343652830032,0.05048108330096744,0.8335614222653577,0.8675195701881854,25,8.60056917814688,True,1.0,0.1614451334760075,0.19089560694474492,1.0,1.0,0.1614451334760075,0.19089560694474492,1.0,1.0,0.09144536554029993,0.10812663213347241,0.5664176031288655,0.5664176031288655
0.36000000000000004,29.99999910593033,8.940696716308594e-07,0.5666742812727867,0.5666742812727867,0.05079718505672686,0.5158770962160597,0.927887646479627,0.308933234667064,32.42779666440476,0.33056478405315615,0.05079718505672686,0.5158770962160597,0.10307731559650324,0.08964088672355684,0.08964088672355684,0.05079718505672687,0.8334654158217423,0.8666900060479389,29,8.716066239295355,True,1.0,0.16205002946370733,0.19626082946687626,1.0,1.0,0.16205002946370733,0.19626082946687626,1.0,1.0,0.09182958397658027,0.11121596448014306,0.5666742812727867,0.5666742812727867
0.37,29.99999910593033,8.940696716308594e-07,0.5671517723066172,0.5671517723066172,0.05098889997014188,0.5161628723364752,0.927887646479627,0.308933234667064,31.872017050914728,0.33056478405315615,0.05098889997014188,0.5161628723364752,0.10279153947608777,0.08990344817714144,0.08990344817714144,0.05098889997014188,0.8339271236873969,0.8661868775001791,35,8.788181683889768,True,1.0,0.16228014578696995,0.20154269528583477,1.0,1.0,0.16228014578696995,0.20154269528583477,1.0,1.0,0.09203747229325622,0.11430529682681369,0.5671517723066172,0.5671517723066172
0.38,29.99999910593033,8.940696716308594e-07,0.5872056354504529,0.5872056354504529,0.0720288171045912,0.5151768183458617,0.966342845037197,0.3473884332246341,28.223630141598576,0.2807308970099668,0.0720288171045912,0.5151768183458617,0.10377759346670123,0.12266370204253402,0.12266370204253402,0.0720288171045912,0.8323340273756251,0.8109706047320511,10,10.308593412977647,True,1.0,0.22300391479115644,0.22480643348066007,1.0,1.0,0.22300391479115644,0.22480643348066007,1.0,1.0,0.13094915549287967,0.13200760462536096,0.5872056354504529,0.5872056354504529
0.39,29.99999910593033,8.940696716308594e-07,0.5928832051399949,0.5928832051399949,0.07253631564218124,0.5203468894978136,0.966342845037197,0.3473884332246341,28.19915045361133,0.2807308970099668,0.07253631564218124,0.5203468894978136,0.09860752231474934,0.12234503358052377,0.12234503358052377,0.07253631564218124,0.8406869384354425,0.8096387469351819,12,10.51621059130991,True,1.0,0.22210230946368073,0.22851294788425766,1.0,1.0,0.22210230946368073,0.22851294788425766,1.0,1.0,0.13168072910382206,0.1354814889576073,0.5928832051399949,0.5928832051399949
0.4,29.99999910593033,8.940696716308594e-07,0.599820720650472,0.599820720650472,0.07286513388784605,0.5269555867626259,0.966342845037197,0.3473884332246341,30.270594807731626,0.2807308970099668,0.07286513388784605,0.5269555867626259,0.09199882504993706,0.1214781873637641,0.1214781873637641,0.07286513388784605,0.851364133942393,0.8087758101741793,14,10.657909802856757,True,1.0,0.22028516361355224,0.23166150902417026,1.0,1.0,0.22028516361355224,0.23166150902417026,1.0,1.0,0.13213160558728804,0.13895537328985363,0.599820720650472,0.599820720650472
0.41000000000000003,29.99999910593033,8.940696716308594e-07,0.600476829862997,0.600476829862997,0.07321929902269335,0.5272575308403038,0.966342845037197,0.3473884332246341,30.058884233860194,0.2807308970099668,0.07321929902269335,0.5272575308403038,0.09169688097225914,0.12193526108142898,0.12193526108142898,0.07321929902269335,0.8518519632104544,0.8078463541042848,18,10.81794092005666,True,1.0,0.22077767979025797,0.23719359438830673,1.0,1.0,0.22077767979025797,0.23719359438830673,1.0,1.0,0.13257188126496197,0.1424292576221,0.600476829862997,0.600476829862997
0.42000000000000004,29.99999910593033,8.940696716308594e-07,0.6005032761726666,0.6005032761726666,0.07340657021628642,0.5270967059563803,0.966342845037197,0.3473884332246341,29.26862256159642,0.2807308970099668,0.07340657021628642,0.5270967059563803,0.09185770585618269,0.12224174809527492,0.12224174809527492,0.07340657021628642,0.8515921300452741,0.8073548874677496,24,10.882295758059797,True,1.0,0.22111240868818957,0.242968103162178,1.0,1.0,0.22111240868818957,0.242968103162178,1.0,1.0,0.13277872581968744,0.14590314195434634,0.6005032761726666,0.6005032761726666
0.43,29.99999910593033,8.940696716308594e-07,0.6006633264814546,0.6006633264814546,0.07340657021628642,0.5272567562651683,0.966342845037197,0.3473884332246341,28.550304251949346,0.2807308970099668,0.07340657021628642,0.5272567562651683,0.09169765554739462,0.12220917605588634,0.12220917605588634,0.07340657021628642,0.8518507117852756,0.8073548874677496,24,10.882295758059797,True,1.0,0.2210534919744047,0.2486867762705081,1.0,1.0,0.2210534919744047,0.2486867762705081,1.0,1.0,0.13277872581968744,0.14937702628659266,0.6006633264814546,0.6006633264814546
0.44,29.99999910593033,8.940696716308594e-07,0.6002639251901747,0.6002639251901747,0.07340657021628642,0.5268573549738884,0.966342845037197,0.3473884332246341,25.983659675178885,0.2807308970099668,0.07340657021628642,0.5268573549738884,0.09209705683867453,0.12229049112526605,0.12229049112526605,0.07340657021628642,0.8512054279264688,0.8073548874677496,24,10.882295758059797,True,1.0,0.2212005756928016,0.25463950806374547,1.0,1.0,0.2212005756928016,0.25463950806374547,1.0,1.0,0.13277872581968744,0.152850910618839,0.6002639251901747,0.6002639251901747
0.45,29.99999910593033,8.940696716308594e-07,0.6134308938027244,0.6134308938027244,0.07340657021628642,0.540024323586438,0.966342845037197,0.3473884332246341,31.02652868518843,0.2807308970099668,0.07340657021628642,0.540024323586438,0.0789300882261249,0.11966559062787196,0.11966559062787196,0.07340657021628642,0.8724783494232089,0.8073548874677496,24,10.882295758059797,True,1.0,0.2164526227177405,0.25483684719889316,1.0,1.0,0.2164526227177405,0.25483684719889316,1.0,1.0,0.13277872581968744,0.15632479495108534,0.6134308938027244,0.6134308938027244
0.46,29.99999910593033,8.940696716308594e-07,0.6134308938027244,0.6134308938027244,0.07340657021628642,0.540024323586438,0.966342845037197,0.3473884332246341,31.02652868518843,0.2807308970099668,0.07340657021628642,0.540024323586438,0.0789300882261249,0.11966559062787196,0.11966559062787196,0.07340657021628642,0.8724783494232089,0.8073548874677496,24,10.882295758059797,True,1.0,0.2164526227177405,0.2604998882477575,1.0,1.0,0.2164526227177405,0.2604998882477575,1.0,1.0,0.13277872581968744,0.15979867928333172,0.6134308938027244,0.6134308938027244
0.47000000000000003,29.99999910593033,8.940696716308594e-07,0.6134308938027244,0.6134308938027244,0.07340657021628642,0.540024323586438,0.966342845037197,0.3473884332246341,31.02652868518843,0.2807308970099668,0.07340657021628642,0.540024323586438,0.0789300882261249,0.11966559062787196,0.11966559062787196,0.07340657021628642,0.8724783494232089,0.8073548874677496,24,10.882295758059797,True,1.0,0.2164526227177405,0.2661629292966218,1.0,1.0,0.2164526227177405,0.2661629292966218,1.0,1.0,0.13277872581968744,0.16327256361557804,0.6134308938027244,0.6134308938027244
0.48000000000000004,29.99999910593033,8.940696716308594e-07,0.6134308938027244,0.6134308938027244,0.07340657021628642,0.540024323586438,0.966342845037197,0.3473884332246341,31.02652868518843,0.2807308970099668,0.07340657021628642,0.540024323586438,0.0789300882261249,0.11966559062787196,0.11966559062787196,0.07340657021628642,0.8724783494232089,0.8073548874677496,24,10.882295758059797,True,1.0,0.2164526227177405,0.27182597034548606,1.0,1.0,0.2164526227177405,0.27182597034548606,1.0,1.0,0.13277872581968744,0.16674644794782437,0.6134308938027244,0.6134308938027244
0.49,29.99999910593033,8.940696716308594e-07,0.6134308938027244,0.6134308938027244,0.07340657021628642,0.540024323586438,0.966342845037197,0.3473884332246341,31.02652868518843,0.2807308970099668,0.07340657021628642,0.540024323586438,0.0789300882261249,0.11966559062787196,0.11966559062787196,0.07340657021628642,0.8724783494232089,0.8073548874677496,24,10.882295758059797,True,1.0,0.2164526227177405,0.2774890113943503,1.0,1.0,0.2164526227177405,0.2774890113943503,1.0,1.0,0.13277872581968744,0.17022033228007066,0.6134308938027244,0.6134308938027244
0.5,29.99999910593033,8.940696716308594e-07,0.6506383831324145,0.6506383831324145,0.10258840915114822,0.5480499739812662,0.9792870355483924,0.36033262373582936,27.131983750315527,0.2541528239202658,0.10258840915114822,0.5480499739812662,0.07090443783129674,0.15767346626131948,0.15767346626131948,0.10258840915114821,0.8854448139021124,0.730771297893404,11,13.949999552965167,True,1.0,0.2769069832623881,0.276906983262388,1.0,1.0,0.2769069832623881,0.276906983262388,1.0,1.0,0.18016631186791476,0.18016631186791468,0.6506383831324145,0.6506383831324145
0.51,29.99999910593033,8.940696716308594e-07,0.6506122307365205,0.6506122307365205,0.10258840915114822,0.5480238215853721,0.9792870355483924,0.36033262373582936,27.114713887785015,0.2541528239202658,0.10258840915114822,0.5480238215853721,0.07093059022719084,0.15767980419767672,0.15767980419767672,0.10258840915114822,0.8854025613623534,0.730771297893404,11,13.949999552965167,True,1.0,0.2769181139800567,0.28245647625965775,1.0,1.0,0.2769181139800567,0.28245647625965775,1.0,1.0,0.18016631186791476,0.18376963810527297,0.6506122307365205,0.6506122307365205
0.52,29.99999910593033,8.940696716308594e-07,0.6506122307365205,0.6506122307365205,0.10258840915114822,0.5480238215853721,0.9792870355483924,0.36033262373582936,27.114713887785015,0.2541528239202658,0.10258840915114822,0.5480238215853721,0.07093059022719084,0.15767980419767672,0.15767980419767672,0.10258840915114822,0.8854025613623534,0.730771297893404,11,13.949999552965167,True,1.0,0.2769181139800567,0.2879948385392589,1.0,1.0,0.2769181139800567,0.2879948385392589,1.0,1.0,0.18016631186791476,0.1873729643426313,0.6506122307365205,0.6506122307365205
0.53,29.99999910593033,8.940696716308594e-07,0.6506122307365205,0.6506122307365205,0.10258840915114822,0.5480238215853721,0.9792870355483924,0.36033262373582936,27.114713887785015,0.2541528239202658,0.10258840915114822,0.5480238215853721,0.07093059022719084,0.15767980419767672,0.15767980419767672,0.10258840915114822,0.8854025613623534,0.730771297893404,11,13.949999552965167,True,1.0,0.2769181139800567,0.29353320081886003,1.0,1.0,0.2769181139800567,0.29353320081886003,1.0,1.0,0.18016631186791476,0.19097629057998958,0.6506122307365205,0.6506122307365205
0.54,29.99999910593033,8.940696716308594e-07,0.6506122307365205,0.6506122307365205,0.10258840915114822,0.5480238215853721,0.9792870355483924,0.36033262373582936,27.114713887785015,0.2541528239202658,0.10258840915114822,0.5480238215853721,0.07093059022719084,0.15767980419767672,0.15767980419767672,0.10258840915114822,0.8854025613623534,0.730771297893404,11,13.949999552965167,True,1.0,0.2769181139800567,0.29907156309846117,1.0,1.0,0.2769181139800567,0.29907156309846117,1.0,1.0,0.18016631186791476,0.19457961681734787,0.6506122307365205,0.6506122307365205
0.55,29.99999910593033,8.940696716308594e-07,0.6506122307365205,0.6506122307365205,0.10258840915114822,0.5480238215853721,0.9792870355483924,0.36033262373582936,27.114713887785015,0.2541528239202658,0.10258840915114822,0.5480238215853721,0.07093059022719084,0.15767980419767672,0.15767980419767672,0.10258840915114822,0.8854025613623534,0.730771297893404,11,13.949999552965167,True,1.0,0.2769181139800567,0.3046099253780623,1.0,1.0,0.2769181139800567,0.3046099253780623,1.0,1.0,0.18016631186791476,0.19818294305470618,0.6506122307365205,0.6506122307365205
0.56,29.99999910593033,8.940696716308594e-07,0.661069919722217,0.661069919722217,0.10307734338464841,0.5579925763375687,0.9792870355483924,0.36033262373582936,27.350349313168593,0.2541528239202658,0.10307734338464841,0.5579925763375687,0.06096183547499423,0.15592502443306108,0.15592502443306108,0.10307734338464841,0.9015083594016692,0.7294881594746496,44,14.094062180287906,True,1.0,0.273277063003149,0.3052419468380221,1.0,1.0,0.273277063003149,0.3052419468380221,1.0,1.0,0.18065524610141495,0.20178626929206447,0.661069919722217,0.661069919722217
0.5700000000000001,29.99999910593033,8.940696716308594e-07,0.6617995462942077,0.6617995462942077,0.10523956675409495,0.5565599795401127,0.9792870355483924,0.36033262373582936,25.812130068086482,0.2541528239202658,0.10523956675409495,0.5565599795401127,0.06239443227245023,0.15902030659191468,0.15902030659191468,0.10523956675409495,0.89919381608456,0.7238137114913208,32,14.999248501773854,True,1.0,0.2773294892417766,0.3103501606785862,1.0,1.0,0.2773294892417766,0.3103501606785862,1.0,1.0,0.1835365301542121,0.2053895955294228,0.6617995462942077,0.6617995462942077
0.5800000000000001,29.99999910593033,8.940696716308594e-07,0.6636174717125707,0.6636174717125707,0.10752344830805394,0.556094023404517,0.9792870355483924,0.36033262373582936,25.154442236341573,0.2541528239202658,0.10752344830805394,0.556094023404517,0.06286038840804598,0.16202624688372436,0.16202624688372436,0.10752344830805394,0.8984410043641762,0.7178199888902458,26,15.524714740374371,True,1.0,0.282448871770892,0.3149298062141756,1.0,1.0,0.282448871770892,0.3149298062141756,1.0,1.0,0.18743800617266743,0.20899292176678105,0.6636174717125707,0.6636174717125707
0.59,29.99999910593033,8.940696716308594e-07,0.668002863839924,0.668002863839924,0.11220267172989425,0.5558001921100302,0.9792870355483924,0.36033262373582936,24.282520367210346,0.2541528239202658,0.11220267172989425,0.5558001921100302,0.06315421970253277,0.1679673513447418,0.1679673513447418,0.11220267172989425,0.897966282334768,0.7055400319326058,20,16.14295525422828,True,1.0,0.2928983040882875,0.31825649186899974,1.0,1.0,0.2928983040882875,0.31825649186899974,1.0,1.0,0.19565690594483295,0.21259624800413932,0.668002863839924,0.668002863839924
0.6,29.99999910593033,8.940696716308594e-07,0.6753730100384112,0.6753730100384112,0.11979673295170967,0.5555762770867017,0.9792870355483924,0.36033262373582936,23.33166276364547,0.2541528239202658,0.11979673295170967,0.5555762770867017,0.06337813472586129,0.17737862066015392,0.17737862066015392,0.11979673295170967,0.8976045189818374,0.6856104973644747,16,16.645708693691812,True,1.0,0.3091193943551443,0.3201187655236644,1.0,1.0,0.3091193943551443,0.3201187655236644,1.0,1.0,0.20877089582688446,0.2161995742414976,0.6753730100384112,0.6753730100384112
0.61,29.99999910593033,8.940696716308594e-07,0.6922140597422315,0.6922140597422315,0.12625367001219195,0.5659603897300395,0.9792870355483924,0.36033262373582936,25.98541011362157,0.2541528239202658,0.12625367001219195,0.5659603897300395,0.05299402208252346,0.18239108009335528,0.18239108009335528,0.12625367001219195,0.9143813808074583,0.6686651835735534,14,16.94208930307362,True,1.0,0.31458817251497606,0.3175360242765174,1.0,1.0,0.31458817251497606,0.3175360242765174,1.0,1.0,0.21776235604348107,0.21980290047885587,0.6922140597422315,0.6922140597422315
0.62,29.99999910593033,8.940696716308594e-07,0.6995828303563894,0.6995828303563894,0.13438614737247845,0.5651966829839108,0.987201883196647,0.36824747138408415,23.384604856567456,0.23089700996677742,0.13438614737247845,0.5651966829839108,0.05375772882865215,0.19209469063730159,0.19209469063730159,0.13438614737247845,0.9131475149014181,0.647322652358401,12,17.283788514620365,True,1.0,0.322562892387132,0.32635654042827517,1.0,1.0,0.322562892387132,0.32635654042827517,1.0,1.0,0.22565946122413322,0.22831343225813214,0.6995828303563894,0.6995828303563894
0.63,29.99999910593033,8.940696716308594e-07,0.7088396212060128,0.7088396212060128,0.1442777494544078,0.5645618717516049,0.9937411307877663,0.37478671897520344,21.16075851610081,0.2009966777408638,0.1442777494544078,0.5645618717516049,0.05439254006095806,0.20354075186843398,0.20354075186843398,0.1442777494544078,0.9121218961802479,0.6213635482811648,10,17.69140569295264,True,1.0,0.32942528473748683,0.33310162960791234,1.0,1.0,0.32942528473748683,0.33310162960791234,1.0,1.0,0.2335096940490031,0.23611563295437818,0.7088396212060128,0.7088396212060128
0.64,29.99999910593033,8.940696716308594e-07,0.7078826773765395,0.7078826773765395,0.1442777494544078,0.5636049279221317,0.9937411307877663,0.37478671897520344,19.590394682636575,0.2009966777408638,0.1442777494544078,0.5636049279221317,0.05534948389043126,0.2038159063153103,0.2038159063153103,0.1442777494544078,0.9105758310562092,0.6213635482811648,10,17.69140569295264,True,1.0,0.32987061487986347,0.33884640465151705,1.0,1.0,0.32987061487986347,0.33884640465151705,1.0,1.0,0.23350969404900312,0.23986350014413022,0.7078826773765395,0.7078826773765395
0.65,29.99999910593033,8.940696716308594e-07,0.7077407505043317,0.7077407505043317,0.1442777494544078,0.5634630010499236,0.9937411307877663,0.37478671897520344,18.604640454370127,0.2009966777408638,0.1442777494544078,0.5634630010499236,0.055491410762639304,0.20385677856135367,0.20385677856135367,0.1442777494544078,0.9103465300455057,0.6213635482811648,10,17.69140569295264,True,1.0,0.32993676552128093,0.34420989205480435,1.0,1.0,0.32993676552128093,0.34420989205480435,1.0,1.0,0.23350969404900307,0.24361136733388222,0.7077407505043317,0.7077407505043317
0.66,29.99999910593033,8.940696716308594e-07,0.7173546568042244,0.7173546568042244,0.14476375900771293,0.5725908977965113,0.9937411307877663,0.37478671897520344,22.998371904507813,0.2009966777408638,0.14476375900771293,0.5725908977965113,0.046363514016051655,0.201802215451737,0.201802215451737,0.14476375900771293,0.925093814453508,0.6200880852699882,25,17.899429927783146,True,1.0,0.3262404309214628,0.3448213964702008,1.0,1.0,0.3262404309214628,0.3448213964702008,1.0,1.0,0.23403009235932823,0.2473592345236343,0.7173546568042244,0.7173546568042244
0.67,29.99999910593033,8.940696716308594e-07,0.7198922784305777,0.7198922784305777,0.1465886452170572,0.5733036332135204,0.9937411307877663,0.37478671897520344,22.371814259902663,0.2009966777408638,0.1465886452170572,0.5733036332135204,0.04565077859904254,0.2036258057061427,0.2036258057061427,0.1465886452170572,0.9262453296594857,0.6152989307280738,21,18.49564225537649,True,1.0,0.32884132759263907,0.3488120504095692,1.0,1.0,0.32884132759263907,0.3488120504095692,1.0,1.0,0.23673033256280093,0.2511071017133863,0.7198922784305777,0.7198922784305777
0.68,29.99999910593033,8.940696716308594e-07,0.7225151987957519,0.7225151987957519,0.14819566296148184,0.5743195358342701,0.9937411307877663,0.37478671897520344,21.86020664844148,0.2009966777408638,0.14819566296148184,0.5743195358342701,0.044634875978292854,0.2051107896532642,0.2051107896532642,0.14819566296148184,0.9278866502500841,0.6110815410134496,19,18.835910955491403,True,1.0,0.3311659335148769,0.35273302115708627,1.0,1.0,0.3311659335148769,0.35273302115708627,1.0,1.0,0.23927242028788204,0.25485496890313836,0.7225151987957519,0.7225151987957519
0.6900000000000001,29.99999910593033,8.940696716308594e-07,0.7256266395129429,0.7256266395129429,0.15107992548687593,0.5745467140260673,0.9937411307877663,0.37478671897520344,21.031423833668267,0.2009966777408638,0.15107992548687593,0.5745467140260673,0.04440769778649567,0.2082061452268128,0.2082061452268128,0.15107992548687593,0.9282536856689478,0.6035122038663803,17,19.21411681878228,True,1.0,0.33638848363106855,0.3563855321883862,1.0,1.0,0.33638848363106855,0.3563855321883862,1.0,1.0,0.24409244494806687,0.2586028360928904,0.7256266395129429,0.7256266395129429
0.7000000000000001,29.99999910593033,8.940696716308594e-07,0.7310722940110556,0.7310722940110556,0.1563143417359876,0.574757952275068,0.9937411307877663,0.37478671897520344,19.947127784116873,0.2009966777408638,0.1563143417359876,0.574757952275068,0.04419645953749496,0.21381516303724643,0.21381516303724643,0.1563143417359876,0.9285949680719314,0.5897752222259135,15,19.64141783441843,True,1.0,0.34525145696666115,0.3588574008778878,1.0,1.0,0.34525145696666115,0.3588574008778878,1.0,1.0,0.2524037746552762,0.26235070328264243,0.7310722940110556,0.7310722940110556
0.7100000000000001,29.99999910593033,8.940696716308594e-07,0.7408444223553252,0.7408444223553252,0.16566505422870575,0.5751793681266195,0.9937411307877663,0.37478671897520344,18.483565589193095,0.2009966777408638,0.16566505422870575,0.5751793681266195,0.04377504368594343,0.2236165235637681,0.2236165235637681,0.16566505422870575,0.9292758192679306,0.5652356060156911,13,20.134179053181978,True,1.0,0.3565416349389027,0.3591827952573392,1.0,1.0,0.3565416349389027,0.3591827952573392,1.0,1.0,0.2641418815819346,0.2660985704723945,0.7408444223553252,0.7408444223553252
0.72,29.99999910593033,8.940696716308594e-07,0.7450491631317752,0.7450491631317752,0.16566505422870575,0.5793841089030696,0.9937411307877663,0.37478671897520344,20.363449803196982,0.2009966777408638,0.16566505422870575,0.5793841089030696,0.03957030290949337,0.22235452695811558,0.22235452695811558,0.16566505422870575,0.9360691156661851,0.5652356060156911,13,20.134179053181978,True,1.0,0.3545294655075217,0.3621860824967054,1.0,1.0,0.3545294655075217,0.3621860824967054,1.0,1.0,0.2641418815819346,0.26984643766214644,0.7450491631317752,0.7450491631317752
0.73,29.99999910593033,8.940696716308594e-07,0.7583571579519103,0.7583571579519103,0.17882955431309858,0.5795276036388117,0.9960292681553636,0.3770748563428008,18.00048570777168,0.18438538205980068,0.17882955431309858,0.5795276036388117,0.039426808173751215,0.23581178398323854,0.23581178398323854,0.17882955431309858,0.9363009497609158,0.5306872462065306,11,20.717577476275622,True,1.0,0.3607801552056014,0.3629749416141199,1.0,1.0,0.3607801552056014,0.3629749416141199,1.0,1.0,0.273600213147169,0.27526464513024457,0.7583571579519103,0.7583571579519103
0.74,29.99999910593033,8.940696716308594e-07,0.760260411034831,0.760260411034831,0.17882955431309858,0.5814308567217324,0.9960292681553636,0.3770748563428008,18.165361271383354,0.18438538205980068,0.17882955431309858,0.5814308567217324,0.037523555090830496,0.2352214474375749,0.2352214474375749,0.17882955431309858,0.9393758984915456,0.5306872462065306,11,20.717577476275622,True,1.0,0.3598769700170987,0.3670260737552579,1.0,1.0,0.3598769700170987,0.3670260737552579,1.0,1.0,0.273600213147169,0.2790353936936726,0.760260411034831,0.760260411034831
0.75,29.99999910593033,8.940696716308594e-07,0.7612434252839546,0.7612434252839546,0.17945823818468334,0.5817851870992716,0.9960292681553636,0.3770748563428008,17.607968499945855,0.18438538205980068,0.17945823818468334,0.5817851870992716,0.037169224713291316,0.23574356404817928,0.23574356404817928,0.17945823818468334,0.9399483645258397,0.5290373547209073,20,20.94832925652478,True,1.0,0.3603767936534914,0.3715055301155605,1.0,1.0,0.3603767936534914,0.3715055301155605,1.0,1.0,0.2743344647936327,0.2828061422571006,0.7612434252839546,0.7612434252839546
0.76,29.99999910593033,8.940696716308594e-07,0.7647039076762958,0.7647039076762958,0.18128087168434778,0.5834230359919483,0.9960292681553636,0.3770748563428008,17.56025279615919,0.18438538205980068,0.18128087168434778,0.5834230359919483,0.03553137582061461,0.23706021358672744,0.23706021358672744,0.18128087168434778,0.9425945188490319,0.5242541120954399,18,21.389763725109002,True,1.0,0.36229383485492783,0.3747553634077132,1.0,1.0,0.36229383485492783,0.3747553634077132,1.0,1.0,0.2770475112405939,0.2865768908205286,0.7647039076762958,0.7647039076762958
0.77,29.99999910593033,8.940696716308594e-07,0.7662442359844941,0.7662442359844941,0.18128087168434778,0.5849633643001467,0.9960292681553636,0.3770748563428008,18.11129263462545,0.18438538205980068,0.18128087168434778,0.5849633643001467,0.03399104751241622,0.2365836676754019,0.2365836676754019,0.18128087168434778,0.9450831161977247,0.5242541120954399,18,21.389763725109002,True,1.0,0.36156554037190863,0.3789230975563674,1.0,1.0,0.36156554037190863,0.3789230975563674,1.0,1.0,0.2770475112405939,0.29034763938395663,0.7662442359844941,0.7662442359844941
0.78,29.99999910593033,8.940696716308594e-07,0.7721441919740832,0.7721441919740832,0.1854621724286229,0.5866820195454601,0.9960292681553636,0.3770748563428008,17.632721754673952,0.18438538205980068,0.1854621724286229,0.5866820195454601,0.03227239226710288,0.24019111243259583,0.24019111243259583,0.1854621724286229,0.9478598235165728,0.5132808824507542,16,21.88252494387255,True,1.0,0.36690824183516124,0.38091122228794366,1.0,1.0,0.36690824183516124,0.38091122228794366,1.0,1.0,0.2833060679204421,0.29411838794738465,0.7721441919740832,0.7721441919740832
0.79,29.99999910593033,8.940696716308594e-07,0.7821524470630484,0.7821524470630484,0.19512085646603317,0.5870315905970152,0.9960292681553636,0.3770748563428008,16.37537308486268,0.18438538205980068,0.19512085646603317,0.5870315905970152,0.03192282121554779,0.24946652944538406,0.24946652944538406,0.19512085646603317,0.9484246002511492,0.48793303868393656,14,22.440746365763328,True,1.0,0.3772177898406138,0.38085815320194244,1.0,1.0,0.3772177898406138,0.38085815320194244,1.0,1.0,0.2950418173995508,0.29788913651081267,0.7821524470630484,0.7821524470630484
0.8,29.99999910593033,8.940696716308594e-07,0.7839132623539854,0.7839132623539854,0.19512085646603317,0.5887924058879521,0.9960292681553636,0.3770748563428008,16.677072035738533,0.18438538205980068,0.19512085646603317,0.5887924058879521,0.030162005924610824,0.24890618112533477,0.24890618112533477,0.19512085646603317,0.9512694225148447,0.48793303868393656,14,22.440746365763328,True,1.0,0.37637048837977327,0.38481283524709975,1.0,1.0,0.37637048837977327,0.38481283524709975,1.0,1.0,0.2950418173995508,0.3016598850742407,0.7839132623539854,0.7839132623539854
0.81,29.99999910593033,8.940696716308594e-07,0.7996689862834848,0.7996689862834848,0.2104873800499864,0.5891816062334989,0.9976057077462371,0.3786512959336744,14.608132268731126,0.16777408637873756,0.2104873800499864,0.5891816062334989,0.029772805579064032,0.26321813607933026,0.26321813607933026,0.21048738004998638,0.9518982254413915,0.44760578110552207,12,23.084569591743588,True,1.0,0.3817212308052342,0.3835431346809136,1.0,1.0,0.3817212308052342,0.3835431346809136,1.0,1.0,0.30525062968090577,0.3067075497062763,0.7996689862834848,0.7996689862834848
0.8200000000000001,29.99999910593033,8.940696716308594e-07,0.8033150619918213,0.8033150619918213,0.2104873800499864,0.5928276819418354,0.9976057077462371,0.3786512959336744,16.458577924551967,0.16777408637873756,0.2104873800499864,0.5928276819418354,0.026126729870727505,0.26202344510767983,0.26202344510767983,0.21048738004998643,0.9577889269837866,0.44760578110552207,12,23.084569591743588,True,1.0,0.37998867956494703,0.3865159230249491,1.0,1.0,0.37998867956494703,0.3865159230249491,1.0,1.0,0.30525062968090577,0.310494062665613,0.8033150619918213,0.8033150619918213
0.8300000000000001,29.99999910593033,8.940696716308594e-07,0.8219098806781018,0.8219098806781018,0.2294387793445449,0.5924711013335567,0.9992859353737679,0.38033152356120503,13.531930637757647,0.1345514950166113,0.2294387793445449,0.5924711013335567,0.026483310479006206,0.27915320735072635,0.27915320735072635,0.2294387793445449,0.9572128254139884,0.39787052663188616,10,23.843749259598535,True,1.0,0.38320751502496725,0.3840751546816278,1.0,1.0,0.38320751502496725,0.3840751546816278,1.0,1.0,0.3149620429491227,0.3156751645558002,0.8219098806781018,0.8219098806781018
0.8400000000000001,29.99999910593033,8.940696716308594e-07,0.8230100786447136,0.8230100786447136,0.2294387793445449,0.5935712993001689,0.9992859353737679,0.38033152356120503,13.39254435350172,0.1345514950166113,0.2294387793445449,0.5935712993001689,0.025383112512394,0.2787800359898043,0.2787800359898043,0.22943877934454493,0.9589903359149482,0.39787052663188616,10,23.843749259598535,True,1.0,0.3826952441065902,0.38818294949377935,1.0,1.0,0.3826952441065902,0.38818294949377935,1.0,1.0,0.3149620429491227,0.31947847979141225,0.8230100786447136,0.8230100786447136
0.85,29.99999910593033,8.940696716308594e-07,0.8255570967238285,0.8255570967238285,0.2310509109997689,0.5945061857240597,0.9992859353737679,0.38033152356120503,12.732793972007244,0.1345514950166113,0.2310509109997689,0.5945061857240597,0.024448226088503278,0.2798727209985596,0.2798727209985596,0.23105091099976893,0.960500764479716,0.39363971618505056,15,24.22363205332666,True,1.0,0.3840876766792573,0.3915922912054754,1.0,1.0,0.3840876766792573,0.3915922912054754,1.0,1.0,0.3170863072467282,0.32328179502702425,0.8255570967238285,0.8255570967238285
0.86,29.99999910593033,8.940696716308594e-07,0.8288964769876225,0.8288964769876225,0.2310509109997689,0.5978455659878534,0.9992859353737679,0.38033152356120503,14.403806566526882,0.1345514950166113,0.2310509109997689,0.5978455659878534,0.02110884582470951,0.27874519607014697,0.27874519607014697,0.2310509109997689,0.9658959603133068,0.39363971618505056,15,24.22363205332666,True,1.0,0.3825403003268683,0.39460308897840873,1.0,1.0,0.3825403003268683,0.39460308897840873,1.0,1.0,0.3170863072467282,0.3270851102626363,0.8288964769876225,0.8288964769876225
0.87,29.99999910593033,8.940696716308594e-07,0.8373426645990276,0.8373426645990276,0.23918325888480838,0.5981594057142192,0.9992859353737679,0.38033152356120503,13.177433454333915,0.1345514950166113,0.23918325888480838,0.5981594057142192,0.020795006098343727,0.28564561319629445,0.28564561319629445,0.23918325888480835,0.9664030085229588,0.3722975247592857,13,24.847313678344527,True,1.0,0.3903314656757981,0.3951648942392044,1.0,1.0,0.3903314656757981,0.3951648942392044,1.0,1.0,0.32684118954581665,0.3308884254982484,0.8373426645990276,0.8373426645990276
0.88,29.99999910593033,8.940696716308594e-07,0.8373426645990276,0.8373426645990276,0.23918325888480838,0.5981594057142192,0.9992859353737679,0.38033152356120503,13.177433454333915,0.1345514950166113,0.23918325888480838,0.5981594057142192,0.020795006098343727,0.28564561319629445,0.28564561319629445,0.23918325888480835,0.9664030085229588,0.3722975247592857,13,24.847313678344527,True,1.0,0.3903314656757981,0.3997070194603447,1.0,1.0,0.3903314656757981,0.3997070194603447,1.0,1.0,0.32684118954581665,0.33469174073386043,0.8373426645990276,0.8373426645990276
0.89,29.99999910593033,8.940696716308594e-07,0.8578922413694215,0.8578922413694215,0.2583277460064581,0.5995644953629633,0.9996008685912906,0.38064645677872777,10.93290154375271,0.1212624584717608,0.2583277460064581,0.5995644953629633,0.019389916449599642,0.3011191074465239,0.3011191074465239,0.2583277460064581,0.9686731105238952,0.3220555387210364,11,25.551561707211686,True,1.0,0.3934367675455162,0.394892656905596,1.0,1.0,0.3934367675455162,0.394892656905596,1.0,1.0,0.337526350346763,0.33877534653306773,0.8578922413694215,0.8578922413694215
0.9,29.99999910593033,8.940696716308594e-07,0.8612393244002999,0.8612393244002999,0.2583277460064581,0.6029115783938422,0.9996008685912906,0.38064645677872777,12.454422067331993,0.1212624584717608,0.2583277460064581,0.6029115783938422,0.016042833418720703,0.29994885125146536,0.29994885125146536,0.2583277460064581,0.97408075116269,0.3220555387210364,11,25.551561707211686,True,1.0,0.3919077320137351,0.39777771566504155,1.0,1.0,0.3919077320137351,0.39777771566504155,1.0,1.0,0.337526350346763,0.342581811100855,0.8612393244002999,0.8612393244002999
0.91,29.99999910593033,8.940696716308594e-07,0.8638388374894169,0.8638388374894169,0.2587591000749215,0.6050797374144957,0.9996008685912906,0.38064645677872777,13.721842607881175,0.1212624584717608,0.2587591000749215,0.6050797374144957,0.013874674398067222,0.29954557360138556,0.29954557360138556,0.2587591000749215,0.9775836893101121,0.32092351126333707,21,25.611292220315633,True,1.0,0.39125446834097977,0.40098715250561534,1.0,1.0,0.39125446834097977,0.40098715250561534,1.0,1.0,0.33798080509421186,0.3463882756686423,0.8638388374894169,0.8638388374894169
0.92,29.99999910593033,8.940696716308594e-07,0.869836378583671,0.869836378583671,0.26399829295637905,0.6058380856272919,0.9996008685912906,0.38064645677872777,13.2761529506842,0.1212624584717608,0.26399829295637905,0.6058380856272919,0.013116326185271032,0.30350339380636127,0.30350339380636127,0.26399829295637905,0.9788088978203405,0.3071739940300332,14,26.106517740889867,True,1.0,0.3955848411999594,0.4025984068482412,1.0,1.0,0.3955848411999594,0.4025984068482412,1.0,1.0,0.34409408569196925,0.35019474023642955,0.869836378583671,0.869836378583671
0.93,29.99999910593033,8.940696716308594e-07,0.8899755780012674,0.8899755780012674,0.2822289483978353,0.607746629603432,0.9997095772514649,0.3807551654389022,11.817084135087502,0.11461794019933555,0.2822289483978353,0.607746629603432,0.01120778220913099,0.3171198798866741,0.3171198798866741,0.2822289483978353,0.9818923946655299,0.25933022938188155,12,26.710057764945624,True,1.0,0.39659603111467806,0.39787867511312186,1.0,1.0,0.39659603111467806,0.39787867511312186,1.0,1.0,0.3529607820242942,0.3541023038581791,0.8899755780012674,0.8899755780012674
0.9400000000000001,29.99999910593033,8.940696716308594e-07,0.8899755780012674,0.8899755780012674,0.2822289483978353,0.607746629603432,0.9997095772514649,0.3807551654389022,11.817084135087502,0.11461794019933555,0.2822289483978353,0.607746629603432,0.01120778220913099,0.3171198798866741,0.3171198798866741,0.2822289483978353,0.9818923946655299,0.25933022938188155,12,26.710057764945624,True,1.0,0.39659603111467806,0.40215694043691885,1.0,1.0,0.39659603111467806,0.40215694043691885,1.0,1.0,0.3529607820242942,0.3579098555125681,0.8899755780012674,0.8899755780012674
0.9500000000000001,29.99999910593033,8.940696716308594e-07,0.9150982982025566,0.9150982982025566,0.3047762160351326,0.6103220821674245,0.9999753278933535,0.38102091608079064,9.999753278933536,0.07475083056478406,0.3047762160351326,0.6103220821674245,0.008632329645138492,0.33305298090246316,0.33305298090246316,0.3047762160351326,0.9860533676141683,0.2001581294120317,10,27.359374154824746,True,1.0,0.39360125075098285,0.3955529924902442,1.0,1.0,0.39360125075098285,0.3955529924902442,1.0,1.0,0.36018383473262217,0.36196987027675115,0.9150982982025566,0.9150982982025566
